City_ID,City,Country,Lat,Lng,Max Temp,Humidity,Cloudiness,Wind Speed,Current Description
0,Mar Del Plata,AR,-38.0023,-57.5575,51.1,94,81,4.0,broken clouds
1,Zhigansk,RU,66.7697,123.3711,72.18,51,25,3.4,scattered clouds
2,Tuktoyaktuk,CA,69.4541,-133.0374,39.29,84,46,7.54,scattered clouds
3,Port Elizabeth,ZA,-33.918,25.5701,50.09,67,81,4.92,broken clouds
4,Mahdasht,IR,35.7299,50.8111,82.62,45,4,19.84,clear sky
5,Konstantinovka,RU,49.6167,127.9833,84.85,43,19,6.82,few clouds
6,Saint-Philippe,RE,-21.3585,55.7679,74.21,74,17,8.19,light rain
7,Esperance,AU,-33.8667,121.9,61.63,48,1,14.45,clear sky
8,Ponta Do Sol,PT,32.6667,-17.1,84.83,40,28,4.23,scattered clouds
9,Vaini,TO,-21.2,-175.2,72.46,68,48,20.54,scattered clouds
10,Marsa Matruh,EG,31.3525,27.2453,81.63,58,0,11.59,clear sky
11,Leningradskiy,RU,69.3833,178.4167,35.71,95,100,5.39,overcast clouds
12,Mataura,NZ,-46.1927,168.8643,44.47,92,89,4.88,overcast clouds
13,Kavaratti,IN,10.5669,72.642,81.91,75,100,12.37,overcast clouds
14,Talnakh,RU,69.4865,88.3972,60.21,53,100,30.56,overcast clouds
15,Paita,PE,-5.0892,-81.1144,63.55,90,60,8.5,broken clouds
16,Egvekinot,RU,66.3167,-179.1667,42.96,62,94,3.47,overcast clouds
17,Hilo,US,19.7297,-155.09,79.29,92,48,1.99,scattered clouds
18,Kununurra,AU,-15.7667,128.7333,91.38,9,5,9.22,clear sky
19,Dalhousie,IN,32.5333,75.9833,60.78,98,100,2.77,overcast clouds
20,Cidreira,BR,-30.1811,-50.2056,63.25,89,100,4.72,overcast clouds
21,Mihijam,IN,23.8526,86.8788,86.76,63,98,16.4,overcast clouds
22,Edd,ER,13.9297,41.6925,88.72,60,100,5.88,overcast clouds
23,Bambous Virieux,MU,-20.3428,57.7575,73.22,66,40,11.23,scattered clouds
24,Barrow,US,71.2906,-156.7887,42.82,87,100,14.97,overcast clouds
25,Gladstone,AU,-23.85,151.25,69.78,56,7,10.36,clear sky
26,Samana,DO,19.2056,-69.3369,78.28,85,14,10.51,few clouds
27,Butaritari,KI,3.0707,172.7902,82.69,70,11,19.33,few clouds
28,Albany,US,42.6001,-73.9662,72.73,88,100,10.96,overcast clouds
29,Rikitea,PF,-23.1203,-134.9692,75.4,80,13,18.9,few clouds
30,Cape Town,ZA,-33.9258,18.4232,56.37,79,0,3.0,clear sky
31,Nishihara,JP,26.1842,127.7558,91.06,74,75,13.8,broken clouds
32,Anadyr,RU,64.75,177.4833,54.1,62,0,6.71,clear sky
33,San Matias,BO,-16.3667,-58.4,72.72,42,0,4.25,clear sky
34,Maroantsetra,MG,-15.4333,49.7333,70.03,84,75,5.44,light rain
35,Comodoro Rivadavia,AR,-45.8667,-67.5,38.12,68,90,6.49,overcast clouds
36,Upernavik,GL,72.7868,-56.1549,37.36,98,97,9.19,overcast clouds
37,Punta Arenas,CL,-53.15,-70.9167,35.11,69,68,9.64,broken clouds
38,Tiksi,RU,71.6872,128.8694,50.16,72,51,4.0,broken clouds
39,Gavle,SE,60.6745,17.1417,64.38,80,100,3.0,overcast clouds
40,Doha,QA,25.2867,51.5333,94.98,59,0,5.75,clear sky
41,Tiarei,PF,-17.5333,-149.3333,73.42,84,36,13.85,light rain
42,Sitka,US,57.0531,-135.33,55.29,94,100,3.44,light intensity drizzle
43,Itarema,BR,-2.9248,-39.9167,78.4,79,87,15.66,overcast clouds
44,Kapaa,US,22.0752,-159.319,82.38,79,7,3.0,clear sky
45,Borovoy,RU,55.4333,86.0833,58.28,82,100,11.18,light rain
46,Nikolskoye,RU,59.7035,30.7861,68.88,73,27,5.01,scattered clouds
47,Fort-Shevchenko,KZ,44.5086,50.263,77.5,54,0,13.78,clear sky
48,Ushuaia,AR,-54.8,-68.3,26.98,93,100,7.09,overcast clouds
49,Hobart,AU,-42.8794,147.3294,57.06,83,75,10.36,broken clouds
50,Conde,BR,-7.2597,-34.9075,68.76,88,49,11.27,scattered clouds
51,Walvis Bay,NA,-22.9575,14.5053,53.1,87,8,5.17,clear sky
52,Busselton,AU,-33.65,115.3333,63.03,63,58,20.13,broken clouds
53,Chegdomyn,RU,51.1167,133.0167,84.78,44,1,3.62,clear sky
54,Bronnoysund,NO,65.4625,12.1997,62.6,72,75,5.75,broken clouds
55,Abu Kamal,SY,34.4506,40.9171,91.18,19,0,14.85,clear sky
56,Were Ilu,ET,10.6,39.4333,56.08,80,100,3.62,overcast clouds
57,Havelock,US,34.8791,-76.9013,80.96,89,0,4.0,clear sky
58,Ribeira Grande,PT,38.5167,-28.7,73.87,90,12,4.63,few clouds
59,Bluff,NZ,-46.6,168.3333,44.8,86,75,20.54,broken clouds
60,Thompson,CA,55.7435,-97.8558,54.46,63,94,4.03,overcast clouds
61,Saskylakh,RU,71.9167,114.0833,78.6,40,23,11.05,few clouds
62,Alice Town,BS,25.7167,-79.3,83.19,72,82,16.62,broken clouds
63,Saint George,US,37.1041,-113.5841,90.19,33,0,5.75,clear sky
64,Hasaki,JP,35.7333,140.8333,90.0,83,92,16.62,overcast clouds
65,Cairns,AU,-16.9167,145.7667,78.75,64,75,9.22,broken clouds
66,Qaanaaq,GL,77.484,-69.3632,37.67,98,100,3.91,overcast clouds
67,Kalanguy,RU,51.0167,116.5167,70.84,79,90,13.87,overcast clouds
68,Provideniya,RU,64.3833,-173.3,44.11,86,100,7.2,overcast clouds
69,Arraial Do Cabo,BR,-22.9661,-42.0278,70.09,87,44,20.15,scattered clouds
70,Nome,US,64.5011,-165.4064,55.17,75,100,1.9,overcast clouds
71,Lakes Entrance,AU,-37.8811,147.981,64.17,64,93,8.01,overcast clouds
72,Gizo,SB,-8.103,156.8419,83.93,72,27,8.28,scattered clouds
73,Lagoa,PT,39.05,-27.9833,72.5,91,0,7.18,clear sky
74,Bella Union,UY,-30.2752,-57.6007,65.75,91,32,6.33,light rain
75,Mount Gambier,AU,-37.8333,140.7667,55.31,88,100,18.41,overcast clouds
76,Baoro,CF,5.6667,15.9667,68.25,96,100,1.52,light rain
77,Oksfjord,NO,70.2396,22.3479,53.01,77,42,7.56,scattered clouds
78,Melbu,NO,68.5044,14.8297,55.18,75,100,6.24,overcast clouds
79,Bredasdorp,ZA,-34.5322,20.0403,45.0,86,0,5.06,clear sky
80,Netivot,IL,31.4222,34.5886,80.6,57,0,4.14,clear sky
81,Trat,TH,12.5,102.5,90.36,61,42,0.87,scattered clouds
82,Moose Factory,CA,51.2585,-80.6094,48.92,91,61,1.79,broken clouds
83,Vostok,RU,46.4856,135.8833,68.45,89,95,3.29,overcast clouds
84,Emirdag,TR,39.0197,31.15,69.73,39,0,3.89,clear sky
85,Sorland,NO,67.667,12.6934,53.46,81,100,16.71,light rain
86,Margate,GB,51.3813,1.3862,66.31,82,92,5.01,overcast clouds
87,Bonthe,SL,7.5264,-12.505,75.33,85,100,7.7,light rain
88,Obo,CF,5.3998,26.4869,70.95,94,100,0.87,overcast clouds
89,Santa Maria,BR,-29.6842,-53.8069,65.53,91,69,4.25,broken clouds
90,La Ronge,CA,55.1001,-105.2842,53.47,98,100,4.52,overcast clouds
91,Kirakira,SB,-10.4544,161.9205,83.39,75,28,8.23,scattered clouds
92,Clyde River,CA,70.4692,-68.5914,43.03,93,75,2.3,light rain
93,Noshiro,JP,40.2039,140.0242,79.25,66,44,6.22,scattered clouds
94,Dingle,PH,10.9995,122.6711,85.66,75,90,3.56,moderate rain
95,Lorengau,PG,-2.0226,147.2712,85.03,70,49,9.01,scattered clouds
96,Petawawa,CA,45.9001,-77.3328,68.79,91,56,5.77,broken clouds
97,Khatanga,RU,71.9667,102.5,76.44,61,96,11.7,overcast clouds
98,Hofn,IS,64.2539,-15.2082,49.6,90,99,6.78,overcast clouds
99,Castro,BR,-24.7911,-50.0119,55.96,76,95,3.11,overcast clouds
100,Ostrovnoy,RU,68.0531,39.5131,53.83,73,100,13.31,overcast clouds
101,Port Augusta,AU,-32.5,137.7667,63.63,31,28,15.03,scattered clouds
102,Pisco,PE,-13.7,-76.2167,57.02,87,42,0.16,scattered clouds
103,Dikson,RU,73.5069,80.5464,50.05,84,100,8.08,overcast clouds
104,Frontera,MX,26.9333,-101.45,87.33,47,3,8.99,clear sky
105,Vila Velha,BR,-20.3297,-40.2925,66.94,94,9,3.27,clear sky
106,Moosomin,CA,50.1333,-101.6677,51.98,91,35,7.67,scattered clouds
107,Ballina,AU,-28.8667,153.5667,68.02,71,23,5.7,few clouds
108,Kuching,MY,1.55,110.3333,88.02,74,40,3.44,scattered clouds
109,Avarua,CK,-21.2078,-159.775,68.05,68,40,6.91,scattered clouds
110,Jumla,NP,29.2747,82.1838,69.66,78,91,4.38,overcast clouds
111,Birao,CF,10.2849,22.7882,74.55,87,75,4.68,broken clouds
112,Bathsheba,BB,13.2167,-59.5167,80.06,95,71,14.14,broken clouds
113,Ilulissat,GL,69.2167,-51.1,36.27,98,97,2.13,overcast clouds
114,Evensk,RU,61.95,159.2333,60.3,57,12,9.04,few clouds
115,Hermanus,ZA,-34.4187,19.2345,48.96,75,0,11.45,clear sky
116,Bowen,AU,-20.0167,148.2333,70.92,71,7,12.68,clear sky
117,Mareeba,AU,-17.0,145.4333,74.12,67,1,6.98,clear sky
118,Tabuk,PH,17.4189,121.4443,90.93,57,95,3.09,overcast clouds
119,Robertsport,LR,6.7533,-11.3686,75.34,81,100,8.43,overcast clouds
120,Santa Isabel Do Rio Negro,BR,-0.4139,-65.0192,71.53,99,90,2.28,light rain
121,Touros,BR,-5.1989,-35.4608,71.89,80,46,16.84,scattered clouds
122,Katsuura,JP,35.1333,140.3,82.38,84,100,14.12,overcast clouds
123,Tessalit,ML,20.1986,1.0114,86.83,33,36,7.34,scattered clouds
124,Chuy,UY,-33.6971,-53.4616,57.94,97,100,3.98,overcast clouds
125,Atbasar,KZ,51.8,68.3333,82.81,32,0,6.8,clear sky
126,Dauphin,CA,51.1494,-100.0502,53.24,89,27,7.38,scattered clouds
127,Kristiinankaupunki,FI,62.2743,21.376,63.52,66,74,11.21,broken clouds
128,Chokurdakh,RU,70.6333,147.9167,72.7,30,34,11.86,scattered clouds
129,San Quintin,MX,30.4833,-115.95,66.69,85,90,11.25,overcast clouds
130,Niquelandia,BR,-14.4739,-48.4597,67.24,52,2,4.16,clear sky
131,Sobolevo,RU,54.4299,31.8996,62.62,87,31,8.77,scattered clouds
132,Vila Franca Do Campo,PT,37.7167,-25.4333,75.2,90,39,3.42,scattered clouds
133,Nanakuli,US,21.3906,-158.1547,78.12,72,6,13.85,clear sky
134,Morwell,AU,-38.2333,146.4,57.4,86,86,3.38,moderate rain
135,Tomatlan,MX,19.9333,-105.25,76.3,94,57,1.59,broken clouds
136,Fuyang,CN,32.9,115.8167,94.77,55,0,7.23,clear sky
137,Baherden,TM,38.4362,57.4316,91.36,38,36,9.64,scattered clouds
138,Zhoukou,CN,33.6333,114.6333,94.96,53,2,8.03,clear sky
139,Bontang,ID,0.1333,117.5,81.28,82,71,5.03,light rain
140,Kodiak,US,57.79,-152.4072,56.71,88,20,10.36,few clouds
141,Victoria,HK,22.2855,114.1577,96.85,74,11,7.0,few clouds
142,Mahajanga,MG,-15.7167,46.3167,74.3,52,2,9.93,clear sky
143,Kabalo,CD,-6.05,26.9167,80.4,37,90,6.2,overcast clouds
144,Avera,US,33.194,-82.5271,74.55,85,78,7.2,broken clouds
145,Ilula,TZ,-7.6766,36.0366,62.26,70,18,7.09,few clouds
146,Marabba,SD,12.35,32.1833,75.22,79,100,11.65,overcast clouds
147,Ust-Kuyga,RU,70.0167,135.6,77.7,43,61,2.91,broken clouds
148,Erenhot,CN,43.6475,111.9767,86.72,21,100,17.05,overcast clouds
149,Jamestown,US,42.097,-79.2353,70.02,85,100,9.22,moderate rain
150,Port Alfred,ZA,-33.5906,26.891,58.41,59,68,2.71,broken clouds
151,Okhotsk,RU,59.3833,143.3,54.84,91,100,7.72,overcast clouds
152,Haines Junction,CA,60.7522,-137.5108,47.77,91,100,3.44,overcast clouds
153,New Norfolk,AU,-42.7826,147.0587,56.71,79,73,3.0,broken clouds
154,Shestakovo,RU,56.4915,103.96,74.89,51,100,5.3,overcast clouds
155,Hirara,JP,24.8,125.2833,85.23,72,22,3.69,few clouds
156,Cherskiy,RU,68.75,161.3,64.38,37,23,9.69,few clouds
157,Ponta Delgada,PT,37.7333,-25.6667,75.51,100,40,4.61,scattered clouds
158,Iqaluit,CA,63.7506,-68.5145,41.7,100,95,5.01,overcast clouds
159,Birin,NP,26.8865,88.0718,70.05,84,80,5.37,broken clouds
160,Puerto Ayora,EC,-0.7393,-90.3518,69.55,92,97,5.99,overcast clouds
161,Quincy,US,42.2529,-71.0023,83.46,80,75,12.66,broken clouds
162,Tarakan,ID,3.3,117.6333,83.25,72,87,8.57,overcast clouds
163,Namatanai,PG,-3.6667,152.4333,83.14,76,29,10.98,light rain
164,Kribi,CM,2.95,9.9167,75.0,85,100,7.07,overcast clouds
165,Port Macquarie,AU,-31.4333,152.9167,61.9,67,47,7.05,scattered clouds
166,Coquimbo,CL,-29.9533,-71.3436,53.96,87,70,2.44,broken clouds
167,Fort Nelson,CA,58.8053,-122.7002,60.22,67,100,10.09,overcast clouds
168,Staunton,US,38.1496,-79.0717,78.89,76,0,6.91,clear sky
169,Sao Raimundo Das Mangabeiras,BR,-7.0219,-45.4811,70.29,54,56,1.54,broken clouds
170,Clinton,US,42.587,-82.9199,74.95,86,27,5.01,scattered clouds
171,Tromso,NO,69.6496,18.957,57.38,76,0,5.75,clear sky
172,Pangnirtung,CA,66.1451,-65.7125,49.15,76,91,3.11,overcast clouds
173,San Borja,BO,-14.8167,-66.85,74.21,81,99,2.13,overcast clouds
174,Yelizovo,RU,53.1873,158.3805,59.14,82,75,11.01,broken clouds
175,Christchurch,NZ,-43.5333,172.6333,44.8,93,100,4.61,light rain
176,Ahipara,NZ,-35.1667,173.1667,62.69,90,86,16.06,overcast clouds
177,Novaya Igirma,RU,57.1334,103.9112,76.91,47,97,5.28,overcast clouds
178,Namibe,AO,-15.1961,12.1522,61.9,89,0,3.27,clear sky
179,Bam,IR,29.106,58.357,102.63,15,96,11.77,overcast clouds
180,Sao Felix Do Xingu,BR,-6.6447,-51.995,69.51,59,5,0.85,clear sky
181,Pochutla,MX,15.7432,-96.4661,74.82,91,92,4.14,overcast clouds
182,Carnarvon,AU,-24.8667,113.6333,68.95,30,0,9.19,clear sky
183,Rio Brilhante,BR,-21.8019,-54.5464,67.44,45,75,5.84,broken clouds
184,Hamilton,US,39.1834,-84.5333,79.0,91,20,8.05,few clouds
185,Zalantun,CN,48.0,122.7167,78.44,65,79,8.37,broken clouds
186,Vestmannaeyjar,IS,63.4427,-20.2734,51.94,83,95,8.12,overcast clouds
187,Guerrero Negro,MX,27.9769,-114.0611,68.18,83,14,7.85,few clouds
188,Grindavik,IS,63.8424,-22.4338,48.67,100,75,9.22,light intensity drizzle
189,San Cristobal,VE,7.7669,-72.225,64.56,93,68,2.01,broken clouds
190,Amazar,RU,53.858,120.875,79.25,50,37,5.66,scattered clouds
191,Kavieng,PG,-2.5744,150.7967,83.61,74,13,7.4,light rain
192,Kruisfontein,ZA,-34.0033,24.7314,47.88,80,57,4.88,broken clouds
193,Vao,NC,-22.6667,167.4833,71.46,75,36,13.4,scattered clouds
194,Tucumcari,US,35.1717,-103.725,84.94,34,0,9.22,clear sky
195,Teguldet,RU,57.3064,88.1667,64.15,58,94,9.37,light rain
196,Raudeberg,NO,61.9875,5.1352,58.96,85,98,11.43,light rain
197,Atuona,PF,-9.8,-139.0333,76.82,68,2,15.75,clear sky
198,Beloha,MG,-25.1667,45.05,70.57,60,0,4.03,clear sky
199,Ouallam,NE,14.3188,2.0866,81.63,64,61,10.96,broken clouds
200,Kandrian,PG,-6.2167,149.55,82.76,77,33,12.1,light rain
201,Roald,NO,62.5833,6.1333,66.16,82,75,8.05,broken clouds
202,Svetlogorsk,BY,52.6333,29.7333,61.18,90,35,10.27,scattered clouds
203,Longyearbyen,SJ,78.2186,15.6401,46.24,93,75,3.44,broken clouds
204,Lamphun,TH,18.25,98.9167,91.15,63,12,2.55,few clouds
205,Schneverdingen,DE,53.1167,9.8,74.08,53,100,8.16,overcast clouds
206,Lebane,RS,42.9239,21.7375,70.39,73,4,2.1,clear sky
207,Pareora,NZ,-44.4871,171.2132,44.19,89,100,3.2,overcast clouds
208,Sao Desiderio,BR,-12.3633,-44.9733,64.31,75,94,3.94,overcast clouds
209,Semey,KZ,50.4111,80.2275,77.22,29,0,13.42,clear sky
210,Khandyga,RU,62.6667,135.6,82.17,40,21,5.35,few clouds
211,Muros,ES,42.7762,-9.0603,64.69,89,60,1.59,broken clouds
212,Fortuna,US,40.5982,-124.1573,55.35,88,36,1.68,scattered clouds
213,Richards Bay,ZA,-28.783,32.0377,61.59,55,23,15.05,few clouds
214,Coahuayana,MX,18.7333,-103.6833,79.25,87,93,0.74,overcast clouds
215,Baruun-Urt,MN,46.6806,113.2792,80.6,26,67,8.16,broken clouds
216,Yichang,CN,30.7144,111.2847,96.55,49,58,5.73,broken clouds
217,Arlit,NE,18.7369,7.3853,91.92,23,6,7.18,clear sky
218,Klaksvik,FO,62.2266,-6.589,49.12,91,77,20.71,broken clouds
219,Catuday,PH,16.2923,119.8062,84.83,72,56,5.7,light rain
220,Hithadhoo,MV,-0.6,73.0833,82.18,72,55,8.21,broken clouds
221,Umm Lajj,SA,25.0213,37.2685,87.42,65,44,13.71,scattered clouds
222,Caravelas,BR,-17.7125,-39.2481,68.09,84,81,6.13,broken clouds
223,Angoche,MZ,-16.2325,39.9086,75.4,63,4,7.02,clear sky
224,Mount Pleasant,US,32.7941,-79.8626,82.0,87,0,6.91,clear sky
225,Port Blair,IN,11.6667,92.75,84.65,74,94,8.03,overcast clouds
226,Shingu,JP,33.7333,135.9833,84.49,68,51,5.88,broken clouds
227,Mahebourg,MU,-20.4081,57.7,74.25,66,57,11.18,broken clouds
228,East London,ZA,-33.0153,27.9116,57.85,59,79,1.95,broken clouds
229,Vallenar,CL,-28.5708,-70.7581,56.41,75,4,1.77,clear sky
230,Ipixuna,BR,-1.7625,-48.8043,73.78,93,66,3.11,broken clouds
231,Washington,US,47.5001,-120.5015,74.64,41,42,6.24,scattered clouds
232,Hualmay,PE,-11.0964,-77.6139,60.71,88,58,9.04,broken clouds
233,Jaisalmer,IN,26.9147,70.9181,87.24,63,98,13.47,overcast clouds
234,Luwuk,ID,-0.9516,122.7875,85.28,63,77,7.11,broken clouds
235,Marienburg,PL,54.0359,19.0266,70.88,57,27,5.84,scattered clouds
236,Warrnambool,AU,-38.3833,142.4833,56.16,84,91,16.8,overcast clouds
237,Gigmoto,PH,13.7796,124.39,85.89,72,52,4.63,broken clouds
238,Cayenne,GF,4.9333,-52.3333,80.1,1,0,0.0,clear sky
239,Lavrentiya,RU,65.5833,-171.0,41.63,91,100,10.18,light rain
240,Sfantu Gheorghe,RO,45.8667,25.7833,72.93,66,69,0.58,broken clouds
241,Ambon,ID,-3.6954,128.1814,80.08,82,92,12.21,overcast clouds
242,Harper,LR,4.375,-7.7169,73.2,79,91,5.12,overcast clouds
243,Horsham,GB,51.064,-0.3272,66.33,80,40,8.05,scattered clouds
244,Katobu,ID,-4.9408,122.5276,81.36,72,66,1.39,broken clouds
245,Riyadh,SA,24.6877,46.7219,102.34,13,67,15.7,broken clouds
246,Nizhniy Kuranakh,RU,58.8353,125.4869,89.35,40,30,1.61,scattered clouds
247,Kimberley,ZA,-28.7323,24.7623,38.37,60,0,6.13,clear sky
248,Codrington,AU,-38.2667,141.9667,55.22,90,95,16.15,light rain
249,Mwense,ZM,-10.3845,28.698,68.5,50,16,7.7,few clouds
250,Norman Wells,CA,65.282,-126.8329,58.21,68,54,4.05,broken clouds
251,San Patricio,US,28.017,-97.5169,85.89,78,0,13.15,clear sky
252,Cabedelo,BR,-6.9811,-34.8339,70.47,84,37,13.65,scattered clouds
253,Florian,CO,5.8049,-73.9703,58.24,96,99,3.6,overcast clouds
254,Sechura,PE,-5.5569,-80.8222,64.06,87,85,8.55,overcast clouds
255,Pevek,RU,69.7008,170.3133,37.4,84,98,7.7,overcast clouds
256,Novovasylivka,UA,46.8315,35.7536,82.45,34,59,2.46,broken clouds
257,Chalons-En-Champagne,FR,48.9539,4.3672,69.24,84,43,6.62,scattered clouds
258,Yamada,JP,39.4667,141.95,78.64,75,26,3.36,scattered clouds
259,Airai,TL,-8.9266,125.4092,70.93,45,55,3.53,broken clouds
260,Ulladulla,AU,-35.35,150.4667,62.2,69,49,10.63,scattered clouds
261,Sawtell,AU,-30.3833,153.1,64.42,59,30,6.91,scattered clouds
262,Kaitangata,NZ,-46.2817,169.8464,45.91,92,97,13.2,overcast clouds
263,Lata,PT,40.1629,-8.3327,60.08,86,0,2.39,clear sky
264,Manado,ID,1.487,124.8455,92.17,49,40,9.22,scattered clouds
265,Oktyabrskoye,RU,43.0645,44.7417,73.54,53,40,2.24,scattered clouds
266,Anzhero-Sudzhensk,RU,56.081,86.0285,51.64,98,100,5.77,light rain
267,Hovd,MN,48.0056,91.6419,75.7,16,17,1.86,few clouds
268,Sawakin,SD,19.1059,37.3321,92.48,48,25,12.33,scattered clouds
269,Kidal,ML,18.4411,1.4078,86.65,38,21,6.4,few clouds
270,Saldanha,ZA,-33.0117,17.9442,50.63,54,0,10.4,clear sky
271,La Macarena,CO,2.1837,-73.7849,70.75,96,82,2.37,broken clouds
272,Peniche,PT,39.3558,-9.3811,64.29,88,0,12.3,clear sky
273,Umm Kaddadah,SD,13.6017,26.6876,83.46,55,98,16.17,overcast clouds
274,Matagami,CA,49.7502,-77.6328,62.71,94,100,9.22,overcast clouds
275,Caluquembe,AO,-13.7833,14.6833,55.51,56,6,0.27,clear sky
276,Padang,ID,-0.9492,100.3543,73.45,95,100,7.11,moderate rain
277,Quatre Cocos,MU,-20.2078,57.7625,74.08,65,11,11.48,few clouds
278,San Rafael,AR,-34.6177,-68.3301,52.52,84,100,5.86,overcast clouds
279,Lac Du Bonnet,CA,50.2536,-96.0612,51.3,86,45,6.15,scattered clouds
280,Alta Floresta,BR,-9.8756,-56.0861,67.14,52,0,1.57,clear sky
281,Orcopampa,PE,-15.2661,-72.3417,42.31,46,11,2.51,few clouds
282,Santa Cruz,BO,-17.8,-63.1667,71.06,94,40,4.61,scattered clouds
283,Sisimiut,GL,66.9395,-53.6735,44.87,86,86,7.52,overcast clouds
284,Bilma,NE,18.6853,12.9164,88.84,18,11,15.41,few clouds
285,Rio Gallegos,AR,-51.6226,-69.2181,26.65,63,0,13.8,clear sky
286,Sao Joao Da Barra,BR,-21.6403,-41.0511,69.04,89,2,8.39,clear sky
287,Nalut,LY,30.3333,10.85,76.95,32,0,10.36,clear sky
288,Ottawa,CA,45.4112,-75.6981,72.23,96,80,6.24,broken clouds
289,Yar-Sale,RU,66.8333,70.8333,58.08,58,97,15.26,overcast clouds
290,Nanortalik,GL,60.1432,-45.2371,46.45,87,100,2.37,overcast clouds
291,North Myrtle Beach,US,33.816,-78.68,81.05,85,40,14.97,scattered clouds
292,Yellowknife,CA,62.456,-114.3525,57.56,100,89,8.99,overcast clouds
293,Phan Thiet,VN,10.9333,108.1,89.35,59,16,11.88,few clouds
294,Mantua,IT,45.1667,10.7833,83.01,68,0,1.99,clear sky
295,Colorado Springs,US,38.8339,-104.8214,64.08,90,100,5.75,overcast clouds
296,Pacific Grove,US,36.6177,-121.9166,57.31,91,100,4.61,overcast clouds
297,Araguacu,BR,-12.9306,-49.8264,71.91,40,0,4.74,clear sky
298,Ajdabiya,LY,30.7554,20.2263,82.6,48,2,13.27,clear sky
299,Whitehorse,CA,60.7161,-135.0538,53.31,87,100,10.0,overcast clouds
300,Mazagao,BR,-0.115,-51.2894,78.85,94,51,3.69,broken clouds
301,Zaysan,KZ,47.4667,84.8667,77.95,29,1,15.99,clear sky
302,Husavik,IS,66.0449,-17.3389,47.52,85,65,2.53,broken clouds
303,Niagara Falls,CA,43.1001,-79.0663,76.69,87,65,10.6,broken clouds
304,Kochubey,RU,44.3861,46.5825,80.89,40,11,16.2,few clouds
305,Znamenskoye,RU,57.1281,73.8282,68.16,57,59,4.94,broken clouds
306,Parakai,NZ,-36.65,174.4333,59.67,96,100,20.71,light rain
307,Kiunga,PG,-6.1219,141.2906,80.83,91,75,4.21,broken clouds
308,Monteagudo,BO,-19.8167,-63.9833,60.17,80,2,2.82,clear sky
309,Grand Gaube,MU,-20.0064,57.6608,74.37,66,5,7.0,clear sky
310,Mabaruma,GY,8.2,-59.7833,72.97,97,100,1.61,overcast clouds
311,Yanam,IN,16.7333,82.2167,91.87,54,99,7.52,overcast clouds
312,Panzhihua,CN,26.5851,101.7128,85.95,56,97,0.92,overcast clouds
313,Sabratah,LY,32.7933,12.4885,82.45,44,0,2.75,clear sky
314,Bonavista,CA,48.6499,-53.1147,63.01,92,56,9.82,broken clouds
315,Liepaja,LV,56.5419,21.0367,66.18,82,75,9.22,broken clouds
316,Lima,PE,-12.0432,-77.0282,57.9,87,40,5.75,scattered clouds
317,Stephenville,US,32.2207,-98.2023,87.82,44,40,8.05,scattered clouds
318,Labuhan,ID,-6.8844,112.2051,84.42,56,32,8.97,scattered clouds
319,Ancud,CL,-41.8697,-73.8203,44.22,91,99,10.25,overcast clouds
320,Paraiso,CR,9.8383,-83.8656,64.89,100,85,2.57,overcast clouds
321,Kailua,US,21.4022,-157.7394,80.58,72,20,13.8,few clouds
322,Den Helder,NL,52.9599,4.7593,72.97,75,100,13.0,overcast clouds
323,Ormara,PK,25.2088,64.6357,80.02,91,100,12.39,heavy intensity rain
324,Poum,NC,-20.2333,164.0167,74.95,68,0,17.4,clear sky
325,Salalah,OM,17.0151,54.0924,75.29,100,100,9.22,light intensity drizzle
326,Aklavik,CA,68.2191,-135.0107,55.85,68,36,6.17,scattered clouds
327,Meoqui,MX,28.2833,-105.4833,72.77,67,95,14.81,overcast clouds
328,Bubaque,GW,11.2833,-15.8333,78.69,82,98,6.15,overcast clouds
329,Birjand,IR,32.8663,59.2211,99.07,11,0,4.61,clear sky
330,Palmer,US,42.1584,-72.3287,79.97,71,75,8.05,broken clouds
331,General Jose Eduvigis Diaz,PY,-27.1667,-58.4167,74.08,59,67,8.01,broken clouds
332,San Jose,US,37.3394,-121.895,63.59,81,20,6.91,few clouds
333,Edgewater,US,28.9889,-80.9023,80.1,82,8,7.38,clear sky
334,Marsh Harbour,BS,26.5412,-77.0636,82.36,74,12,16.46,few clouds
335,Beringovskiy,RU,63.05,179.3167,45.09,75,97,11.56,overcast clouds
336,Macheng,CN,31.1783,115.0319,95.29,58,53,9.8,broken clouds
337,Verkhniy Rohachyk,UA,47.2505,34.338,77.04,45,100,7.4,overcast clouds
338,Luderitz,NA,-26.6481,15.1594,59.58,62,0,7.72,clear sky
339,San Luis,AR,-33.295,-66.3356,57.06,85,75,3.96,broken clouds
340,Alice Springs,AU,-23.7,133.8833,69.35,32,0,11.5,clear sky
341,Clarence Town,AU,-32.5833,151.7833,65.14,73,69,0.65,broken clouds
342,Manta,EC,-0.95,-80.7333,71.38,83,100,6.91,overcast clouds
343,Yumen,CN,40.2833,97.2,93.34,14,24,15.66,few clouds
344,Kralendijk,BQ,12.15,-68.2667,80.83,79,4,21.07,clear sky
345,Rawson,AR,-43.3002,-65.1023,41.31,78,75,7.45,broken clouds
346,Altus,US,34.6381,-99.334,85.51,44,0,8.05,clear sky
347,Serang,ID,-6.1149,106.1502,83.82,71,96,5.39,overcast clouds
348,Narsaq,GL,60.9167,-46.05,48.42,83,95,5.06,overcast clouds
349,Nioki,CD,-2.7167,17.6833,75.7,80,95,3.13,overcast clouds
350,Hay River,CA,60.8156,-115.7999,53.06,84,25,6.51,scattered clouds
351,Verkhnetulomskiy,RU,68.6073,31.7962,59.13,56,74,2.68,broken clouds
352,Russellville,US,35.2784,-93.1338,84.97,63,0,3.44,clear sky
353,Dawei,MM,14.0833,98.2,89.4,65,50,5.28,scattered clouds
354,Atasu,KZ,48.6814,71.6433,79.39,27,0,7.78,clear sky
355,Micheweni,TZ,-4.9667,39.8333,77.29,69,12,11.07,few clouds
356,Hambantota,LK,6.1241,81.1185,88.57,60,79,14.99,broken clouds
357,Caconda,AO,-13.7333,15.0667,55.33,55,3,2.1,clear sky
358,Creel,MX,27.75,-107.6333,57.34,92,96,5.5,overcast clouds
359,Lompoc,US,34.6391,-120.4579,59.56,85,100,10.0,overcast clouds
360,Gornopravdinsk,RU,60.05,69.9,73.24,55,94,5.95,overcast clouds
361,Ondjiva,AO,-17.0667,15.7333,56.59,43,0,3.38,clear sky
362,Karratha,AU,-20.7377,116.8463,77.07,32,0,17.67,clear sky
363,Teahupoo,PF,-17.8333,-149.2667,67.96,81,19,12.1,moderate rain
364,Ketchikan,US,55.3422,-131.6461,57.67,100,100,11.5,mist
365,Georgetown,MY,5.4112,100.3354,87.73,70,20,8.05,few clouds
366,Tasiilaq,GL,65.6145,-37.6368,39.36,87,93,2.37,overcast clouds
367,Maicao,CO,11.3832,-72.2432,77.68,82,88,7.31,overcast clouds
368,Breves,BR,-1.6822,-50.4803,73.65,95,54,3.78,broken clouds
369,Makakilo City,US,21.3469,-158.0858,79.12,62,0,16.11,clear sky
370,Biak,ID,-0.9131,122.8766,82.58,64,75,8.08,broken clouds
371,Krasnyy Chikoy,RU,50.3643,108.7512,67.62,75,76,7.34,broken clouds
372,Bagdarin,RU,54.4333,113.6,64.8,92,100,6.51,moderate rain
373,Faanui,PF,-16.4833,-151.75,77.77,79,37,9.48,light rain
374,Vardo,NO,70.3705,31.1107,53.58,76,40,3.44,scattered clouds
375,Saint-Pierre,RE,-21.3393,55.4781,75.29,60,0,17.27,clear sky
376,Gewane,ET,10.1664,40.6453,83.84,44,100,8.84,light rain
377,Xinzhi,CN,36.4989,111.7047,91.31,42,97,7.76,overcast clouds
378,Mujiayingzi,CN,42.1167,118.7833,90.95,34,100,11.32,overcast clouds
379,Mokhotlong,LS,-29.2894,29.0675,35.2,45,0,0.54,clear sky
380,Kuminskiy,RU,58.6667,66.5667,76.98,59,55,6.73,broken clouds
381,Barkly West,ZA,-28.5354,24.5215,33.08,60,0,4.92,clear sky
382,Kalmunai,LK,7.4167,81.8167,87.87,57,76,8.3,broken clouds
383,Sherghati,IN,24.5667,84.7833,92.82,46,89,10.92,overcast clouds
384,Tabou,CI,4.423,-7.3528,73.38,79,100,4.99,overcast clouds
385,Los Llanos De Aridane,ES,28.6585,-17.9182,69.55,88,0,10.36,clear sky
386,Rudnichnyy,RU,59.617,52.4703,70.02,72,60,3.94,broken clouds
387,Udomlya,RU,57.8794,34.9925,60.85,98,100,5.66,overcast clouds
388,Dwarka,IN,22.2394,68.9678,83.59,79,83,21.63,broken clouds
389,Cabo San Lucas,MX,22.8909,-109.9124,81.7,79,35,4.0,scattered clouds
390,Behbahan,IR,30.5959,50.2417,107.31,7,3,19.6,clear sky
391,Yulara,AU,-25.2406,130.9889,66.7,32,0,9.75,clear sky
392,Naze,JP,28.3667,129.4833,82.15,78,29,2.84,scattered clouds
393,Constantine,DZ,36.365,6.6147,71.01,46,0,2.3,clear sky
394,Mehamn,NO,71.0357,27.8492,53.55,71,20,0.0,few clouds
395,Meadow Lake,US,34.8014,-106.5436,80.33,45,96,4.85,overcast clouds
396,Tokmak,UA,47.2514,35.7058,81.46,35,88,3.15,overcast clouds
397,Acapulco,MX,16.8634,-99.8901,75.02,94,100,6.91,overcast clouds
398,Paulo Ramos,BR,-4.2167,-45.1833,75.43,67,95,2.8,overcast clouds
399,Trincomalee,LK,8.5711,81.2335,87.82,62,87,5.66,overcast clouds
400,Banda Aceh,ID,5.5577,95.3222,82.53,79,79,9.33,broken clouds
401,Akdepe,TM,42.0551,59.3788,92.59,22,100,5.23,overcast clouds
402,Waitara,NZ,-38.925,174.25,53.01,86,100,29.15,light rain
403,Darnah,LY,32.767,22.6367,81.16,69,0,17.96,clear sky
404,San Jeronimo,PE,-11.9472,-75.2829,44.65,87,100,1.48,overcast clouds
405,Tambopata,PE,-12.7333,-69.1833,70.23,93,22,1.45,few clouds
406,Tuatapere,NZ,-46.1333,167.6833,43.79,87,88,2.64,overcast clouds
407,Berlevag,NO,70.8578,29.0864,53.6,71,20,6.91,few clouds
408,Tubmanburg,LR,6.8708,-10.8172,70.77,96,100,2.39,overcast clouds
409,Fossombrone,IT,43.6908,12.8127,81.75,43,0,2.89,clear sky
410,Polson,US,47.6936,-114.1632,65.77,55,29,4.25,scattered clouds
411,Port Hardy,CA,50.6996,-127.4199,55.4,90,95,10.87,overcast clouds
412,Byron Bay,AU,-28.65,153.6167,67.95,72,30,5.53,scattered clouds
413,Ca Mau,VN,9.1769,105.15,88.92,60,95,7.52,overcast clouds
414,Leh,IN,34.1667,77.5833,68.92,45,97,3.15,overcast clouds
415,Coffs Harbour,AU,-30.3,153.1333,64.36,59,29,6.91,scattered clouds
416,Susehri,TR,40.1644,38.0867,61.84,58,2,2.84,clear sky
417,Nuuk,GL,64.1835,-51.7216,39.81,100,100,6.91,overcast clouds
418,Luganville,VU,-15.5333,167.1667,80.69,80,28,4.27,scattered clouds
419,Baiyin,CN,36.5583,104.2081,87.46,26,0,5.23,clear sky
420,Southbridge,US,42.0751,-72.0334,79.56,89,84,1.99,broken clouds
421,Bundaberg,AU,-24.85,152.35,70.21,63,10,3.0,clear sky
422,Natal,BR,-5.795,-35.2094,70.45,94,20,4.61,few clouds
423,Bengkulu,ID,-3.8004,102.2655,80.56,83,99,8.32,overcast clouds
424,Dali,CN,25.7,100.1833,71.55,73,98,3.11,overcast clouds
425,Camopi,GF,3.1655,-52.3158,70.32,99,84,1.81,broken clouds
426,Nadym,RU,65.5333,72.5167,54.77,70,100,13.94,overcast clouds
427,Geraldton,AU,-28.7667,114.6,63.01,55,0,14.97,clear sky
428,Asau,RO,46.4333,26.4,69.28,75,79,3.76,broken clouds
429,Waipawa,NZ,-41.4122,175.5153,46.85,91,100,17.9,light rain
430,Kunda,IN,25.7167,81.5167,92.93,51,76,14.36,moderate rain
431,Colac,AU,-38.3333,143.5833,52.18,91,98,11.32,overcast clouds
432,Ilam,NP,26.9167,87.9167,75.38,85,85,5.32,overcast clouds
433,Dharur,IN,18.8167,76.1167,79.92,64,100,14.36,overcast clouds
434,Morbegno,IT,46.1383,9.57,82.51,74,1,1.23,clear sky
435,Auki,SB,-8.7676,160.7034,84.79,66,44,2.53,scattered clouds
436,Kartuzy,PL,54.3342,18.1974,69.6,73,0,6.91,clear sky
437,Laguna,US,38.421,-121.4238,77.68,60,0,10.36,clear sky
438,Nikolsk,RU,53.7189,46.0712,74.05,66,77,5.79,broken clouds
439,Bakau,GM,13.4781,-16.6819,73.54,94,75,1.14,broken clouds
440,Limbang,MY,4.75,115.0,82.51,82,100,1.57,overcast clouds
441,Xichang,CN,27.8964,102.2634,82.13,59,36,3.02,scattered clouds
442,Ajaccio,FR,42.0,8.9167,77.05,64,0,4.61,clear sky
443,Hearst,CA,49.6835,-83.6665,53.85,85,100,7.61,overcast clouds
444,Kapasan,ID,-6.7773,111.3789,85.82,51,82,7.11,broken clouds
445,Lasa,IT,46.6166,10.7002,70.7,79,0,1.68,clear sky
446,Tooele,US,40.5308,-112.2983,72.19,49,0,13.8,clear sky
447,Ugoofaaru,MV,5.6667,73.0,81.95,76,68,11.88,broken clouds
448,Toyooka,JP,35.5333,134.8333,85.39,78,24,3.74,few clouds
449,Rosetta,EG,31.4044,30.4164,81.7,62,0,7.0,clear sky
450,Lebu,CL,-37.6167,-73.65,53.55,90,100,14.67,moderate rain
451,Bassila,BJ,9.0081,1.6654,68.22,97,97,0.47,overcast clouds
452,Bac Lieu,VN,9.285,105.7244,86.31,69,91,10.63,overcast clouds
453,Ouadda,CF,8.0777,22.4007,71.08,93,97,2.35,overcast clouds
454,Kachiry,KZ,53.0675,76.1036,77.02,36,1,8.66,clear sky
455,Flinders,AU,-34.5833,150.8552,66.18,68,29,5.01,scattered clouds
456,Cortez,US,37.3489,-108.5859,65.7,88,0,6.91,clear sky
457,Mayo,US,38.8876,-76.5119,84.97,78,76,4.0,broken clouds
458,Paamiut,GL,61.994,-49.6678,43.68,80,10,0.69,clear sky
459,Matay,EG,28.419,30.7792,83.59,37,6,10.58,clear sky
460,Abha,SA,18.2164,42.5053,70.05,60,40,6.91,scattered clouds
461,Valleyview,CA,55.0667,-117.2859,59.04,82,100,4.61,overcast clouds
462,Sartell,US,45.6216,-94.2069,57.04,89,0,0.0,clear sky
463,Porto Velho,BR,-8.7619,-63.9039,71.65,88,0,0.0,clear sky
464,Tura,IN,25.5198,90.2201,80.98,83,99,4.23,overcast clouds
465,Kahului,US,20.8947,-156.47,80.62,66,40,14.97,scattered clouds
466,Dubti,ET,11.7361,41.0853,79.54,67,100,12.62,light rain
467,Pafos,CY,34.7667,32.4167,91.24,65,0,2.3,clear sky
468,Acarau,BR,-2.8856,-40.12,78.57,80,90,16.24,overcast clouds
469,Bandarbeyla,SO,9.4942,50.8122,84.07,50,96,31.59,overcast clouds
470,Majene,ID,-3.5403,118.9707,85.32,63,40,10.78,scattered clouds
471,Tezu,IN,27.9167,96.1667,88.2,70,43,4.03,scattered clouds
472,Torit,SS,4.4133,32.5678,75.49,78,68,3.33,broken clouds
473,Kutum,SD,14.2,24.6667,79.81,50,97,13.53,overcast clouds
474,Vyazovaya,RU,54.905,58.3561,80.31,48,7,1.86,clear sky
475,Benemerito De Las Americas,MX,16.5167,-90.6439,70.86,99,92,0.74,overcast clouds
476,Hami,CN,42.8,93.45,89.55,20,100,13.38,overcast clouds
477,Batagay-Alyta,RU,67.8006,130.4114,74.25,42,33,5.21,scattered clouds
478,Tautira,PF,-17.7333,-149.15,77.94,81,16,12.97,moderate rain
479,Dodge City,US,37.7528,-100.0171,77.25,69,0,11.5,clear sky
480,Kloulklubed,PW,7.0419,134.2556,84.7,72,70,8.72,broken clouds
481,Hettstedt,DE,51.65,11.5,80.22,42,84,8.3,broken clouds
482,Mattru,SL,7.6244,-11.8332,71.56,98,100,2.93,light rain
483,Kudahuvadhoo,MV,2.6708,72.8944,82.26,74,83,10.69,broken clouds
484,Puerto Escondido,MX,15.85,-97.0667,77.86,82,99,3.96,overcast clouds
485,Maningrida,AU,-12.0667,134.2667,84.15,55,74,11.39,broken clouds
486,Capul,PH,12.4237,124.1811,84.27,72,54,3.76,heavy intensity rain
487,Saint-Georges,GD,12.0564,-61.7485,77.95,85,72,7.52,broken clouds
488,Torbay,CA,47.6666,-52.7314,69.89,78,20,12.66,few clouds
489,Marawi,PH,7.9986,124.2928,78.3,81,83,3.18,broken clouds
490,Sankheda,IN,22.1667,73.5833,83.98,73,98,12.17,light rain
491,Maturin,VE,9.75,-63.1767,70.9,98,83,4.03,broken clouds
492,Hirosaki,JP,40.5931,140.4725,81.68,76,51,4.56,broken clouds
493,Tianpeng,CN,30.9866,103.9393,87.73,61,13,3.18,few clouds
494,Haimen,CN,23.1935,116.6142,90.36,69,11,9.64,few clouds
495,Davila,PH,18.4726,120.5763,89.58,68,28,6.33,scattered clouds
496,Baykit,RU,61.67,96.37,76.91,36,42,6.08,scattered clouds
497,Pahrump,US,36.2083,-115.9839,93.25,30,79,5.99,broken clouds
498,Rivadavia,AR,-33.1905,-68.4608,53.11,90,28,6.96,scattered clouds
499,Makkaveyevo,RU,51.7533,113.9454,65.93,93,100,7.7,overcast clouds
500,Najran,SA,17.4924,44.1277,77.65,48,100,7.47,overcast clouds
501,Vanimo,PG,-2.6741,141.3028,83.28,79,54,9.46,light rain
502,Arman,RU,59.7,150.1667,57.87,77,91,5.93,overcast clouds
503,Chongwe,ZM,-15.3292,28.682,62.56,52,2,9.26,clear sky
504,Etchoropo,MX,26.7667,-109.6667,86.41,68,67,13.38,broken clouds
505,Mangrol,IN,21.1167,70.1167,83.66,75,95,18.25,overcast clouds
506,Wick,GB,58.4333,-3.0833,53.65,100,75,13.8,broken clouds
507,Kamloops,CA,50.6665,-120.3192,76.57,42,75,0.0,broken clouds
508,Constitucion,CL,-35.3333,-72.4167,52.7,91,100,10.78,moderate rain
509,Kumher,IN,27.3167,77.3667,95.41,47,21,12.93,few clouds
510,Cockburn Town,TC,21.4612,-71.1419,81.45,78,47,24.29,scattered clouds
511,Kendari,ID,-3.945,122.4989,80.87,75,51,5.53,broken clouds
512,Sabha,LY,27.0377,14.4283,77.2,36,1,13.71,clear sky
513,Tatawin,TN,32.9297,10.4518,77.97,45,0,1.77,clear sky
514,Torres,BR,-29.3353,-49.7269,65.82,89,100,1.83,light rain
515,Beatrice,US,40.2681,-96.747,70.45,68,0,0.0,clear sky
516,Khasan,RU,42.4308,130.6434,72.0,91,74,7.49,broken clouds
517,Teknaf,BD,20.8624,92.3058,83.75,73,100,4.27,light rain
518,Rujiena,LV,57.8975,25.3316,62.06,58,68,8.12,broken clouds
519,Sorong,ID,-0.8833,131.25,82.42,78,48,5.86,scattered clouds
520,Bukoba,TZ,-1.3317,31.8122,70.39,65,96,6.31,overcast clouds
521,Esmeraldas,BR,-19.7625,-44.3139,58.06,79,2,4.45,clear sky
522,Portland,US,45.5234,-122.6762,79.38,54,0,11.5,clear sky
523,Quimper,FR,48.0,-4.1,63.16,94,100,6.91,overcast clouds
524,Ewa Beach,US,21.3156,-158.0072,80.55,62,0,16.11,clear sky
525,Fairbanks,US,64.8378,-147.7164,68.0,48,0,5.75,clear sky
526,Lujan,AR,-34.5703,-59.105,57.02,97,99,7.0,overcast clouds
527,Badulla,LK,6.9895,81.0557,86.49,45,79,5.32,broken clouds
528,Mezen,RU,65.8522,44.24,55.18,70,60,8.46,broken clouds
529,Primorsk,UA,46.7348,36.3443,81.07,42,57,2.28,broken clouds
530,Saint-Joseph,RE,-21.3667,55.6167,74.21,68,10,9.6,clear sky
531,Canto Do Buriti,BR,-8.11,-42.9444,73.44,58,70,11.39,broken clouds
532,Kyren,RU,51.6828,102.1408,71.6,55,100,5.1,overcast clouds
533,Bagan,RU,54.1001,77.6646,73.63,40,53,8.66,broken clouds
534,Sistranda,NO,63.7256,8.834,62.56,87,99,8.99,light rain
535,Praia,CV,14.9215,-23.5087,77.54,94,75,8.05,broken clouds
536,Meulaboh,ID,4.1363,96.1285,82.04,77,75,7.49,broken clouds
537,Kerchevskiy,RU,59.946,56.2884,74.19,60,74,4.92,broken clouds
538,Dire Dawa,ET,9.5931,41.8661,74.59,54,47,16.71,scattered clouds
539,Ola,RU,59.5833,151.2833,57.13,76,90,6.31,overcast clouds
540,Deputatskiy,RU,69.3,139.9,70.5,44,100,7.18,overcast clouds
541,Manali,IN,13.1667,80.2667,92.07,67,91,3.65,overcast clouds
542,Nelson Bay,AU,-32.7167,152.15,64.09,80,59,8.99,broken clouds
543,Masakin,TN,35.7292,10.5808,82.6,39,0,3.44,clear sky
544,Kansk,RU,56.2017,95.7175,58.17,94,100,9.24,light rain
545,Souillac,MU,-20.5167,57.5167,71.98,78,40,9.22,scattered clouds
546,Acari,PE,-15.4311,-74.6158,63.34,72,36,2.26,scattered clouds
547,Trofors,NO,65.5333,13.4063,57.07,88,100,3.02,overcast clouds
548,Luau,AO,-10.7073,22.2247,64.02,39,9,5.82,clear sky
549,Okha,RU,53.5739,142.9478,63.54,87,59,10.87,moderate rain
550,Brae,GB,60.3964,-1.353,52.11,89,99,21.07,overcast clouds
551,Inuvik,CA,68.3499,-133.7218,56.16,76,20,5.75,few clouds
552,Karasburg,NA,-28.0167,18.75,49.62,25,0,12.48,clear sky
553,Kurchum,KZ,48.5722,83.6542,76.32,29,0,11.68,clear sky
554,Progreso,MX,21.2833,-89.6667,76.1,91,97,7.61,overcast clouds
555,Ginda,IN,30.6945,78.4932,66.94,93,100,0.76,overcast clouds
556,Gurupa,BR,-1.405,-51.64,72.75,95,64,2.86,broken clouds
557,San Vicente,AR,-26.6167,-54.1333,60.39,79,4,2.95,clear sky
558,Severnoye,RU,56.3491,78.3619,68.94,51,65,9.6,broken clouds
559,Ulaangom,MN,49.9811,92.0667,72.88,30,36,10.04,scattered clouds
560,Muhos,FI,64.808,25.9931,65.89,59,88,4.97,overcast clouds
561,Santa Cruz Del Sur,CU,20.7147,-77.9956,76.6,89,90,14.79,overcast clouds
562,Olafsvik,IS,64.8945,-23.7142,50.68,79,83,5.7,broken clouds
563,Qarqin,AF,37.4185,66.0436,106.32,9,0,1.45,clear sky
564,Nacala,MZ,-14.5428,40.6728,76.14,67,13,8.81,few clouds
565,Port Moresby,PG,-9.4431,147.1797,83.62,74,40,17.27,scattered clouds
566,Srednekolymsk,RU,67.45,153.6833,70.9,29,100,14.29,overcast clouds
567,Maraial,BR,-8.7825,-35.8089,67.1,91,85,4.52,overcast clouds
568,Kibala,TD,9.1104,18.3463,74.86,92,97,2.95,overcast clouds
569,Ocampo,MX,21.65,-101.5,55.54,90,82,8.3,broken clouds
570,Adrar,MR,20.5022,-10.0711,89.49,36,1,14.99,clear sky
571,Araouane,ML,18.9048,-3.5265,87.04,37,53,7.54,broken clouds
572,Russell,US,32.3502,-85.1999,74.8,87,32,2.98,scattered clouds
573,Finnsnes,NO,69.2296,17.9811,54.21,70,75,5.37,broken clouds
574,Tarut,SA,26.5733,50.0369,106.02,36,61,14.07,broken clouds
575,Manaure,CO,11.7751,-72.4445,79.84,76,93,9.31,overcast clouds
576,Iberia,US,29.9502,-91.7507,78.87,83,30,5.86,scattered clouds
577,Pontecorvo,IT,41.4616,13.6667,84.88,64,0,0.51,clear sky
578,Smirnykh,RU,49.75,142.8333,79.14,57,1,6.49,clear sky
579,Misratah,LY,32.3754,15.0925,82.18,61,0,9.44,clear sky
580,Simao,CN,22.7886,100.9748,83.37,48,18,5.26,few clouds
581,Camargo,MX,27.6667,-105.1667,75.51,52,62,10.67,broken clouds
582,Sopelana,ES,43.3789,-2.9831,69.58,79,75,1.14,broken clouds
583,Jacareacanga,BR,-6.2222,-57.7528,71.87,59,7,0.92,clear sky
584,Gloversville,US,43.0528,-74.3438,70.36,91,75,0.0,light rain
585,Maumere,ID,-8.6199,122.2111,80.71,63,66,8.37,broken clouds
586,Buala,SB,-8.145,159.5921,84.97,63,45,7.27,scattered clouds
587,Duayaw Nkwanta,GH,7.1724,-2.1028,64.45,99,54,2.21,broken clouds
588,Vagamo,NO,61.8751,9.0967,57.18,90,99,7.23,light rain
589,Carauari,BR,-4.8828,-66.8958,70.95,99,17,1.48,few clouds
590,Huntington,US,38.4193,-82.4452,81.88,85,0,5.75,clear sky
591,College,US,64.8569,-147.8028,67.98,47,40,5.75,scattered clouds
592,Bethel,US,41.3712,-73.414,79.63,81,0,0.0,clear sky
593,Nhamunda,BR,-2.1861,-56.7131,74.52,78,13,1.05,few clouds
594,Pierre,US,44.3683,-100.351,73.85,63,0,8.05,clear sky
595,Shorapur,IN,16.5167,76.75,82.06,61,100,13.04,overcast clouds
596,Riachao,BR,-7.3619,-46.6172,70.97,50,77,5.7,broken clouds
597,Shahr-E Babak,IR,30.1165,55.1186,89.01,21,4,6.62,clear sky
598,Diffa,NE,13.3154,12.6113,83.86,55,80,9.71,broken clouds
599,Xining,CN,36.6167,101.7667,74.8,44,0,4.12,clear sky
600,South Valley,US,35.0101,-106.6781,82.38,45,100,9.22,overcast clouds
601,Noyabrsk,RU,63.1994,75.4507,64.71,51,10,13.67,clear sky
602,Weligama,LK,5.9667,80.4167,84.07,71,88,16.02,overcast clouds
603,Les Cayes,HT,18.2,-73.75,78.12,81,49,3.83,scattered clouds
604,Lipin Bor,RU,60.2622,37.9763,61.68,97,100,7.72,light rain
605,Seoul,KR,37.5683,126.9778,92.59,58,20,8.05,few clouds
606,Wufeng,CN,27.45,104.8333,78.98,58,48,5.1,scattered clouds
607,Pravia,ES,43.4906,-6.1508,64.47,94,75,9.22,broken clouds
608,Bosaso,SO,11.2842,49.1816,92.64,37,100,20.13,overcast clouds
609,Erzin,TR,36.9559,36.2,84.7,25,0,5.37,clear sky
610,Maniitsoq,GL,65.4167,-52.9,42.78,85,6,9.53,clear sky
611,Road Town,VG,18.4167,-64.6167,80.69,79,6,23.55,clear sky
612,Kargasok,RU,59.0556,80.8572,56.53,88,100,8.81,overcast clouds
613,Lahij,YE,13.1667,44.5833,87.06,55,97,3.67,overcast clouds
614,Sioux Lookout,CA,50.1001,-91.917,55.47,88,20,4.61,few clouds
615,Sovetskiy,RU,61.3614,63.5842,69.89,45,71,4.52,broken clouds
616,Naifaru,MV,5.4444,73.3657,81.86,75,83,11.63,broken clouds
617,Gualeguay,AR,-33.1416,-59.3097,61.79,98,88,9.57,overcast clouds
618,Sao Filipe,CV,14.8961,-24.4956,77.34,87,93,12.1,light rain
619,Noumea,NC,-22.2763,166.4572,75.99,99,46,5.84,scattered clouds
620,Puerto Del Rosario,ES,28.5004,-13.8627,74.95,73,0,5.75,clear sky
621,Beyneu,KZ,45.3167,55.2,80.26,43,84,3.96,broken clouds
622,Khapa,IN,21.4333,78.9667,80.55,81,100,7.47,light rain
623,Tonj,SS,7.2737,28.6822,74.26,89,99,3.62,overcast clouds
624,Oda,JP,35.1833,132.5,84.97,85,38,6.91,scattered clouds
625,Lewistown,US,40.5992,-77.5714,75.34,100,0,0.0,clear sky
626,Goderich,CA,43.7501,-81.7165,67.91,88,36,5.75,scattered clouds
627,Darhan,MN,49.4867,105.9228,68.58,62,91,7.49,overcast clouds
628,Camacha,PT,33.0833,-16.3333,67.42,88,20,9.22,few clouds
629,Krasnoselkup,RU,65.7,82.4667,52.38,93,100,13.02,light rain
630,Nemuro,JP,43.3236,145.575,65.21,89,28,6.44,scattered clouds
631,Alofi,NU,-19.0595,-169.9187,71.49,64,75,10.36,broken clouds
632,North Platte,US,41.1239,-100.7654,74.12,75,0,10.36,clear sky
633,Jardim,BR,-21.4803,-56.1381,68.38,47,35,3.15,scattered clouds
634,Santarem,BR,-2.4431,-54.7083,75.33,100,0,2.3,clear sky
635,Cartagena,CO,10.3997,-75.5144,79.39,78,31,12.66,scattered clouds
636,Soe,ID,-9.8607,124.284,75.94,43,10,7.81,clear sky
637,Wright,US,45.1833,-93.9502,63.01,83,0,0.0,clear sky
638,Santa Vitoria Do Palmar,BR,-33.5189,-53.3681,57.78,97,100,4.47,overcast clouds
639,Puksoozero,RU,62.5903,40.6066,57.31,77,100,4.97,overcast clouds
640,Champerico,GT,14.3,-91.9167,77.7,85,90,5.3,overcast clouds
641,Hurghada,EG,27.2574,33.8129,88.34,33,6,16.69,clear sky
642,Pasighat,IN,28.0667,95.3333,86.07,77,45,4.59,scattered clouds
643,Ilhabela,BR,-23.7781,-45.3581,66.43,71,61,2.8,broken clouds
644,Enkoping,SE,59.6361,17.0777,67.86,75,96,7.81,overcast clouds
645,Northam,GB,51.0333,-4.2167,61.39,96,89,17.0,overcast clouds
646,Matara,LK,5.9485,80.5353,85.33,67,89,15.73,overcast clouds
647,Troitsko-Pechorsk,RU,62.7084,56.1964,61.2,50,93,5.75,overcast clouds
648,Grafton,US,42.207,-71.6856,81.07,76,0,16.11,clear sky
649,Simpang,ID,-1.2667,104.0833,85.08,73,91,3.31,overcast clouds
650,Launceston,AU,-41.45,147.1667,59.14,77,40,12.66,scattered clouds
651,Huarmey,PE,-10.0681,-78.1522,62.01,89,94,9.42,overcast clouds
652,Le Port,RE,-20.9373,55.2919,75.2,57,50,0.31,scattered clouds
653,Henties Bay,NA,-22.116,14.2845,54.34,86,0,1.81,clear sky
654,Iskateley,RU,67.6803,53.1512,52.12,84,98,15.82,light rain
655,Ambunti,PG,-4.2365,142.8448,84.38,80,46,2.04,scattered clouds
656,Pringsewu,ID,-5.3582,104.9744,84.97,70,95,3.4,overcast clouds
657,Mukhen,RU,48.1,136.1,78.66,66,66,4.03,broken clouds
658,Puerto Carreno,CO,6.189,-67.4859,74.48,94,99,5.03,light rain
659,Santa Fe,AR,-31.6333,-60.7,63.0,95,78,7.0,broken clouds
660,Kamenka,RU,51.3223,42.7678,73.42,65,64,5.26,broken clouds
661,Zinder,NE,13.8072,8.9881,86.43,47,96,10.63,overcast clouds
662,Barao De Melgaco,BR,-16.1944,-55.9675,72.43,40,0,4.63,clear sky
663,Dinghai,CN,26.2847,119.7936,90.52,84,19,5.55,few clouds
664,Blois,FR,47.5833,1.3333,69.93,63,81,12.82,broken clouds
665,Hargeysa,SO,9.56,44.065,73.6,46,64,34.2,broken clouds
666,Kenora,CA,49.8167,-94.4337,58.17,77,0,6.91,clear sky
667,Fushun,CN,41.8558,123.9233,85.71,75,69,12.93,broken clouds
668,Aswan,EG,24.0934,32.907,91.04,19,52,13.06,broken clouds
669,Shenjiamen,CN,29.9576,122.298,83.3,82,27,8.12,scattered clouds
670,Mountain Home,US,43.133,-115.6912,71.08,26,0,5.75,clear sky
671,Crotone,IT,39.0851,17.1178,89.55,37,0,3.44,clear sky
672,Bismarck,US,46.8083,-100.7837,63.81,78,0,6.91,clear sky
673,Verkhnyaya Inta,RU,65.9811,60.3094,52.79,67,100,16.58,overcast clouds
674,Roebourne,AU,-20.7833,117.1333,77.65,32,0,14.88,clear sky
675,Mazara Del Vallo,IT,37.6641,12.588,90.93,40,0,6.82,clear sky
676,Nabire,ID,-3.3667,135.4833,84.22,73,48,3.62,scattered clouds
677,Pennagaram,IN,12.1333,77.9,83.59,47,100,9.78,overcast clouds
678,Lesnoy,RU,57.6198,63.0784,79.86,54,0,7.38,clear sky
679,Karatau,KZ,43.1667,70.4667,92.79,17,0,11.39,clear sky
680,Saint-Augustin,CA,51.226,-58.6502,60.94,82,68,1.36,broken clouds
681,Ambilobe,MG,-13.2,49.05,78.75,46,5,3.8,clear sky
682,Newport,GB,51.5877,-2.9984,62.64,90,78,18.34,light rain
683,Loandjili,CG,-4.7561,11.8578,71.71,88,100,2.3,overcast clouds
684,Gedo,ET,9.0167,37.45,55.74,87,100,2.66,overcast clouds
685,Rodeo,US,38.033,-122.2669,63.32,87,2,10.0,clear sky
686,Manggar,ID,-2.8833,108.2667,84.43,68,71,14.79,broken clouds
687,Toora-Khem,RU,52.4675,96.11,58.39,61,94,7.74,overcast clouds
688,Cody,US,44.5263,-109.0565,62.82,56,0,12.66,clear sky
689,Kushiro,JP,42.975,144.3747,74.35,78,20,11.5,few clouds
690,Alugan,PH,12.2188,125.4808,85.46,68,65,6.24,light rain
691,Severo-Kurilsk,RU,50.6789,156.125,51.58,97,100,17.63,overcast clouds
692,Wisconsin Rapids,US,44.3836,-89.8174,62.53,83,0,4.61,clear sky
693,Tagbac,PH,7.089,125.1567,79.48,87,96,2.01,overcast clouds
694,Dondo,MZ,-19.6094,34.7431,69.31,77,0,4.68,clear sky
695,Monrovia,LR,6.3005,-10.7969,74.97,78,100,6.93,overcast clouds
696,Anchorage,US,61.2181,-149.9003,66.52,55,100,18.41,shower rain
697,Amapa,BR,1.0,-52.0,70.25,99,68,1.61,broken clouds
698,Agbor,NG,6.2518,6.1934,71.37,99,100,1.88,light rain
699,Buluang,PH,13.3068,123.3425,84.78,76,70,2.8,broken clouds
